links,title,time,content,class
https://nltimes.nl/2023/01/01/17-fireworks-victims-treated-eye-injuries-specialist-hospital,17 fireworks victims being treated for eye injuries at specialist hospital,1 January 2023 - 09:29,"Seventeen victims with eye injuries caused by fireworks were brought to the Rotterdam Eye Hospital during the turn of the year. That number will likely increase during the day, said ophthalmologist Tjeerd de Faber. Additionally, four others were treated at Rotterdam Maasstad Hospital for burns on their faces caused by fireworks explosions.Six people have already undergone surgery. De Faber called it an ""old-fashioned horrific night.‚ÄùMost fireworks victims were hit by decorative fireworks, according to the ophthalmologist. This involved both people who set off the fireworks themselves and bystanders who were watching. ""People think that decorative fireworks are safer, but that is not the case. The wind in particular played a role last night,‚Äù which caused the fireworks to either drift in the air, or shoot off in unexpected directions. ‚ÄúOne of the patients was hit when he was 25 meters away,"" explained De Faber.One of the victims is permanently blind in one eye, and six others have permanent injuries. It is still unclear how serious the damage is for the rest, reported De Faber. The number of patients may increase, especially because other hospitals refer patients to the Rotterdam facility.Three years ago during the last turn of the new year before coronavirus restrictions hampered celebrations, the hospital treated eighteen patients with eye injuries caused by fireworks. During the coronavirus years, far fewer eye patients required treatment. On January 1, 2022, the Rotterdam Eye Hospital treated five fireworks victims. None of them required surgery at the time.""We are back to square one. It's a shame that this has to be the price of celebrating New Year's again,"" said De Faber. He has been arguing for years for a permanent nationwide ban on fireworks to prevent eye injuries caused by the explosives.Of the four victims treated at the Rotterdam Maasstad Hospital, one was discharged by 4:30 a.m. on New Year‚Äôs Day. Two victims were still in the regular care wards at the facility, and one was in intensive care.The fireworks injuries included burns to hands, face and legs. A spokesperson for the hospital could not reveal the victims‚Äô ages. It was also ""very busy"" in the emergency room, but not abnormally so, she said. The emergency department treated a total of six fireworks victims, four of whom were referred to the burn center.The burn center is one of three national burn centers in the country. The other two are in Beverwijk and Groningen. At the beginning of November, the burn centers in the Netherlands reported there had already been a few dozen child victims of fireworks accidents that involved fireworks meant for use by children, such as fountains and ground bloom flowers, the Dutch Burns Foundation reported.Third-degree burns had occurred in some cases, and surgery was a necessity for several children. ""If victims continue to be added at this rate, we can call it a serious problem,"" said pediatric and burns surgeon Annebeth de Vries of the Red Cross Hospital in Beverwijk at the time.",1-1-2
https://nltimes.nl/2022/12/31/niesters-illusion-think-can-stop-coronavirus,Niesters: Illusion to think you can stop coronavirus,31 December 2022 - 17:10,"Whether it is right for the government to offer travelers from China only a voluntary self-test for the coronavirus, virologist Bert Niesters does not know. ""The virus is coming here, we can't stop it, we don't need to have any illusions about that. But Europe now has a mess of rules, and that's a shame. It makes more sense to have a European approach,"" Niesters argued.Other countries require the presentation of a negative Covid-19 test or vaccination certificate before leaving China. This regulation is in place in the United Kingdom, France, Spain and Italy. Also other countries have taken measures, such as the United States, South Korea, Malaysia, Taiwan, Japan and India. Belgium will discuss the situation next week.The Netherlands however, sticks with the self-test offered and the recommendation to go into isolation in case of a positive result. But Niesters does not know what the right approach is. ""I don't have to do politics. I am already glad that the minister is now speaking out, so that something is being said after all. Because the ministry and RIVM were the only ones you didn't hear from last week.""The Dutch are generally well protected against the coronavirus, according to the virologist. People have built up a high level of protection through vaccination and through one or more infections with Covid-19. ""That helps against serious illness, but it doesn't prevent you from getting infected. And even if it's the omicron variety, you can get reasonably sick from it. We're not worried that there will be a dangerous variant, but who can predict the future?""For Niesters, the big problem is in the numbers. ""The wave in China is huge. Assuming half of the Chinese are infected, we're talking about 700 million people. That's more cases than have been detected worldwide so far. That's not a small peak.""The virologist explained that he is sometimes shocked at the number of people infected on flights from China. In Milan recently, about half of all passengers on some flights from China tested positive. ""If half are (tested) positive, everyone is infected, you can assume that. Because then you can't escape it if you're on a plane with others for 12 hours. But the chance that you won't get infected then is very small.""
That is why, according to Niesters, it is important for China to continue testing for the coronavirus and analyzing test samples to determine which variants are circulating. These so-called sequences should then also be shared by the country with the rest of the world. ""Groningen has also shared more results in recent months. The World Health Organization has asked China to provide more up-to-date information so we can make risk assessments and take effective action.""",Health
https://nltimes.nl/2022/12/31/justice-minister-yesilgoz-crackdown-people-attack-aid-workers-new-years,Justice Minister Yesilg√∂z: crackdown on people who attack aid workers on New Year‚Äôs,31 December 2022 - 16:20,"Justice Minister Dilan Ye≈üilg√∂z announced that people who attack rescue workers on New Year's Eve will be ""severely punished."" She warned that New Year's Eve is no exception and that attacks on police officers, firefighters and paramedics could be punished more strictly.Ye≈üilg√∂z paid a working visit to the fire department and police in Almere on Saturday. In recent years, rescue workers were regularly attacked during the turn of the year. According to the Justice Minister, there will be transgressions again this year.""There is no excuse for this. The moment you attack an emergency worker who is there for your safety, freedom and health, you should be punished really severely,"" Ye≈üilg√∂z told Dutch newspaper Omroep Flevoland. ""Don't harass social workers. Otherwise, you have to face consequences for the rest of your life, because you can also be punished very strictly,"" the minister emphasized. This is the first time in two years that fireworks have been allowed to be set off again. They were banned in the last two New Year's Eve years because of the pandemic. This resulted in fewer arrests and incidents compared to previous years. The ban was intended to relieve the already strained medical care system.However, it is illegal to set off firecrackers and flares. In 12 municipalities, residents are also not allowed to set off fireworks.",Politics
https://nltimes.nl/2022/12/31/national-fireworks-rotterdam-canceled-due-bad-weather,National Fireworks in Rotterdam canceled due to bad weather,31 December 2022 - 15:26,"The National Fireworks at the Erasmus Bridge in Rotterdam are canceled due to stormy weather. This was announced by a spokesperson for the municipality. For a long time it was unclear whether the fireworks could take place in the city center, but due to the weather situation it is too dangerous, the spokesperson said.The National Children's Fireworks on the Holland Amerikakade in Rotterdam, which was scheduled to take place at 6 p.m., was also canceled. Furthermore, the fireworks show at two other locations in the municipality, Hoek van Holland and Nesselande, were also called off. In Hoek van Holland, it was planned to do a show on the beach near Zeeplein and in Nesselande on the Zevenhuizerplas",CultureEntertainment
https://nltimes.nl/2022/12/31/rutte-dutch-bishops-respond-death-pope-emeritus-benedict-xvi,Rutte and Dutch Bishops respond to death of Pope Emeritus Benedict XVI,31 December 2022 - 14:50,"Pope Emeritus Benedict XVI, who died on Saturday, was an ""important spiritual and intellectual leader"" for Catholics, according to Prime Minister Mark Rutte. The German Joseph Aloisius Ratzinger, as he was known by his real name, turned 95.""With the passing of Pope Emeritus Benedict XVI, the Roman Catholic Church and all Catholics worldwide lose an important spiritual and intellectual leader. We remember him with respect,"" the Prime Minister tweeted.Met het overlijden van Paus emeritus Benedictus XVI verliezen de Rooms-Katholieke Kerk en alle katholieken wereldwijd een belangrijk spiritueel en intellectueel leider. We herdenken hem met respect.According to Minister and CDA chairman Wopke Hoekstra (Foreign Affairs), Benedict XVI was committed to promoting peace and strengthening understanding between people of different races, nations and religious backgrounds.Saddened by the passing of former Pope Benedict XVI. He worked hard to promote peace and foster understanding between people of different races, nations and religious backgrounds. My sincere condolences to Catholics around the world and to all who hold him in their hearts.The Dutch bishops are asking to pray for the peace of mind of dead Pope Emeritus Benedict XVI. The call was made by Bishop Hans van den Hende of the Diocese of Rotterdam, chairman of the Dutch Bishops' Conference.According to Van den Hende, love for the Pope Emeritus was the common thread in the social teaching of the Catholic Church. In 2009, he also wrote an encyclical about it titled Caritas in Veritate (Love in Truth). ""For Benedict, faith found its completion in the love of Christ. For him, faith and love belonged together. We can transmit this love from our encounter with Christ,"" Bishop Van den Hende said.In response to the death of the former head of the Catholic Church, Cardinal Wim Eijk said that ‚ÄúBenedict XIV was a true man of God and a pope after Jesus' heart. He was extremely lovable and undeservedly misunderstood by many.‚Äù Eijk met Pope Benedict personally and quite frequently when Joseph Ratzinger himself was still a cardinal and prefect of the Congregation for the Doctrine of the Faith. Nevertheless, the years in which Pope Emeritus Benedict XVI led the Roman Catholic Church have been overshadowed by scandals over the sexual abuse of minors by clergy. Before he was elected pope in April 2005, numerous scandals had already emerged in the United States, followed by other countries such as Belgium, the Netherlands and his native country Germany.He was accused of not doing enough about the abuse, even though he spoke to victims in the United States, among other countries, and condemned the abuse on several occasions. Furthermore, Benedict XVI also allegedly covered up clerical misconduct as prefect of the Congregation for the Doctrine of the Faith (1981-2005) and before that as archbishop of Munich.",Culture
https://nltimes.nl/2022/12/31/gas-price-close-price-beginning-year,"Gas price further down, close to price at the beginning of this year",31 December 2022 - 14:00,"Gas became considerably cheaper again on Friday. As a result, the price of fossil fuel has come closer to the price at the beginning of this year. The warm weather this winter means that European gas reserves are still full. As a result, European countries and energy companies are willing to pay less to buy more gas.The price of a megawatt hour of gas on Amsterdam's leading exchange was still above 80 euros at the start of the trading day but fell by around 10 percent by the end of the day. This means that the difference compared with the price at the beginning of the year is around 13 percent. This is despite the fact that the price of gas reached a peak of more than 200 euros per megawatt hour shortly after the Russian invasion of Ukraine.When Russia largely turned off the gas tap this summer, the price of gas rose even further to almost 350 euros per megawatt hour. From then on, European countries bought gas en masse from other countries to meet their obligations, but also to fill their gas storage facilities.In addition to the favorable temperatures, another factor was that more electricity was generated by wind turbines. As a result, less gas was needed to generate electricity.In general, the price of gas is still significantly higher than last summer. In mid-2021, the price was still around 20 euros per megawatt hour.",PoliticsBusiness
https://nltimes.nl/2022/12/31/two-men-amsterdam-suspected-bombing-robberies-arrested-germany,Two men from Amsterdam suspected of bombing robberies arrested in Germany,31 December 2022 - 13:10,"The German police arrested two men, 18 and 24 years old from Amsterdam on Friday. The two young men were suspected of an attempted bomb attack on a Deutsche Bank branch on Hochstra√üe in Nettetal-Lobberich, just over the border near Venlo. The attack happened at 3:45 a.m. Friday morning, according to police in Nettetal. The explosion damaged the building and the fire department evacuated the residents from the building shortly after.The two fled on a motor scooter after the explosion but crashed during their ride on Niedieckstra√üe. Police alerted by residents found the 18-year-old Amsterdam man lying injured next to the scooter. He was later arrested and taken to the hospital. The 24-year-old driver of the motor scooter ran off, but because of his injuries called an ambulance to be taken to a hospital. There, he was arrested by the police. Later, the German police found the bag with the suspected loot on Werner-J√§ger-Strasse.On Saturday, a German court will decide whether to extend their pre-trial detention.",Crime
https://nltimes.nl/2022/12/31/dutch-football-trainer-sarina-wiegman-gets-royal-honor-england-team,Dutch football trainer Sarina Wiegman gets royal honor with England team,31 December 2022 - 12:20,"Sarina Wiegman received another high honor in England. The 53-year-old Dutch national coach of England's football players, was appointed Commander of the Most Excellent Order of the British Empire (CBE). This is the third highest royal honor.""I am very honored,"" Wiegman said. ""I dedicate this prestigious title to the players, coaching team and everyone in the English League who have worked tirelessly for our joint success. It has been a great year and we are already looking forward to 2023, hopefully we can continue to make England proud.""The four national team football players Leah Williamson, Lucy Bronze, Beth Mead and Ellen White, were presented with lower awards by King Charles. Every year, the British monarch publishes the so-called New Year Honours List, which lists people who have been of great importance to the country in the past year. It was the first time King Charles published this list.Wiegman led England to victory in the finals of the European Championship at home last summer. She was recently named coach of the year at the British Sports Gala. Beth Mead, England's top scorer at the European Championships and the partner of Oranje striker Vivianne Miedema, was the first soccer player to be named Sports Personality of the Year at the gala.",Sports
https://nltimes.nl/2022/12/31/hilversum-amsterdam-cancel-fireworks-show-due-bad-weather-conditions,Hilversum and Amsterdam cancel fireworks show due to bad weather conditions,31 December 2022 - 11:23,"Hilversum canceled two fireworks shows planned for Saturday at 7:30 pm and midnight because of the expected stormy winds. The rest of the New Year's Eve program was also canceled as weather services expect strong wind gusts at the turn of the year. In many cities, a decision will be made on Saturday, sometimes at the last minute, whether or not a fireworks show will take place.The city council decided this on Saturday morning in consultation with the organizers. Mayor Gerhard van der Top was disappointed, but he said there was no other choice. ""It was of course great that after two long years of the pandemic we could again have the traditional central fireworks on the market square to celebrate New Year's Eve together with the people of Hilversum."" However, he thought the risk was too great in the bad weather conditions.""It's disappointing for everyone involved, not least for the residents of Hilversum themselves. But safety comes first,"" the mayor explained. As a result, the center of Hilversum was designated a fireworks-free zone.Earlier, Zoetermeer and Apeldoorn, stopped the planned fireworks shows on New Year's Eve. In The Hague, too, the event on the Hofvijver was canceled because of the weather. In The Hague, the traditional bonfires (Scheveningen and Duindorp) were already lit on Friday as a precaution.
In addition, the fireworks and drone show planned for Saturday evening on the A'DAM Tower in Amsterdam-Noord was canceled due to bad weather, according to the organizers on Saturday. This was decided after consultation with the municipality and others. The organization is looking into whether the event can be rescheduled for another time.",CultureEntertainment
https://nltimes.nl/2022/12/31/eurostar-adjusts-its-timetable-early-january-due-rail-strikes-uk,Eurostar adjusts its timetable in early January due to rail strikes in the UK,31 December 2022 - 10:40,"The Eurostar high-speed train to London will adjust its timetable next week due to rail strikes in the UK. From London to Amsterdam, one train will be removed from the timetable on some days, and the earliest train will depart later from Tuesday to Saturday. In the other direction, the last two trains will be cancelled on most of those days.The adjustments were made because two 48-hour strikes are scheduled in Britain on Tuesday and Friday. The train staff campaigned for higher wages and better working conditions for some time.The RMT union expects 40,000 workers in 14 rail companies to walk off the job in each of the two strikes next week. According to British media, up to 80 percent of all train services in the UK will be cancelled. This would be the biggest train strike since last summer.In addition, the British train drivers will also strike next week. The Aslef union announced that they will strike for 24 hours on Thursday.",BusinessTech
https://nltimes.nl/2022/12/31/fireworks-frustrating-authorities-two-year-pandemic-ban,Fireworks frustrating authorities after two-year pandemic ban,31 December 2022 - 09:50,"After a two-year ban due to the pandemic, fireworks can be set off again on New Year's Eve. While the fireworks industry expects to sell 10 percent more legal fireworks than in 2019, police and unions are particularly concerned about heavy illegal firecrackers. Twelve municipalities are also preparing to impose a total ban at the turn of the year.In Amsterdam, Rotterdam, Schiedam, Nijmegen and Apeldoorn for instance, fireworks are not allowed to set off at all. The capital sees enforcement as a ""major challenge"" due to limited police capacity. In Rotterdam however, special enforcement officers monitor compliance with the ban on setting off fireworks. In Heumen, on the border between Gelderland and Limburg, and in neighboring Mook and Middelaar, where a ban also applies, a security service carries out checks at the turn of the year.In addition to enforcing the regulations, the municipalities also want to encourage people in other ways not to set off fireworks. For example, New Year's celebrations have been organized in several cities, but the predicted bad weather with strong winds threatens to put a stop to the festivities.In Apeldoorn, one of the three planned shows, the drone light show at Zuiderpark, was canceled as well as firework shows in the Hague and Zoetermeer. In Amsterdam and Rotterdam however, a decision will be made on Saturday whether the parties planned there can go ahead.The police claimed they have an ""uncertain"" feeling about the upcoming New Year. ""It remains a beautiful and special evening, but my heart goes out to the thousands of officers who will take to the streets,"" said Peije de Meij, New Year's Eve coordinator at the police. He anticipates a ""violent"" New Year's Eve.In the past two years, the general fireworks ban imposed in connection with the coronavirus crisis resulted in fewer arrests and incidents than in previous years. Police advocated for a ban on fireworks for some time. ""But ultimately it remains a political decision,"" De Meij explained.Furthermore, the police is concerned about the strength of fireworks and that emergency personnel are being pelted with them. ""Unacceptable,"" De Meij said. In his opinion, things don't go wrong in more places. ""But where it goes wrong, it goes wrong even more violently. For example, because these heavy illegal fireworks are thrown at emergency workers.‚ÄùThe Dutch Police Union (NPB) signaled that more and heavier illegal fireworks were sold this year. ""We hope it will be a folk festival, but it could turn into a battle,"" chairman Jan Struijs expressed his concerns about the upcoming New Year's Eve. For instance, investigating authorities have already seized three times as many fireworks this year as last year.",1-1-2CultureLifestyleEntertainment
https://nltimes.nl/2022/12/31/a12-near-zoetermeer-open-work-nelson-mandela-bridge,A12 near Zoetermeer open again after work on Nelson Mandela bridge,31 December 2022 - 09:08,"The A12 near Zoetermeer has been reopened to traffic in both directions since 11:45 p.m., Rijkswaterstaat reported. The road was closed in recent days due to the dismantling of part of the Nelson Mandela Bridge, which crosses the highway.Rijkswaterstaat announced Friday evening that the construction work proceeded ahead of schedule. Originally, the road was expected to close until 08:00 a.m. on Saturday morning.In early December, the bridge in Zoetermeer was immediately closed due to a possible risk of collapse, as was revealed after two investigations of cracks in the structure. The Nelson Mandela Bridge is an important link for the city of Zoetermeer and the only way to reach the Zoetermeer train station, among other places. In addition to the A12 freeway, a railroad line and RandstadRail also pass under the bridge. And now there will be an additional temporary bridge section.",TechInnovationCulture
https://nltimes.nl/2022/12/31/new-record-154-degrees-hottest-new-years-netherlands,"New record: With 15,4 degrees the hottest New Year's in the Netherlands ",31 December 2022 - 08:45,"It has never been so warm on New Year's Eve anywhere in the country as it was this year in Ell in Limburg. According to Weeronline, it reached 15.4 degrees at 03:10 a.m. This broke the one-year-old record of 15.1 degrees, which was also measured in Ell. However, despite the increased temperatures, it was cloudy, windy, and rainy.Meanwhile, the maximum temperature has already exceeded 15.1 degrees in several places in the southeast, Weeronline reported at 07:00 a.m. The warmest so far was in Ell with 16.4 degrees. According to the weather institute, temperatures in the southeast will rise even further on Saturday, to 17 degrees.Although the temperatures feel almost spring-like, the weather is anything but that. According to the weather bureau, it will be cloudy, windy, and rainy. New Year's Day will likely be exceptionally mild again, making it the warmest Jan. 1 ever recorded. Monday will also be mild, with the temperature rising to about 10 degrees before dropping to more normal levels of about 8 degrees.The Dec. 31 record for De Bilt was 14.4 degrees last year. According to Weeronline, there is a good chance that this record will be broken.",Nature
https://nltimes.nl/2022/12/31/new-years-dive-sea-temperature-expected-7-degrees,New Year's dive sea temperature expected to be about 7 degrees,31 December 2022 - 08:00,"The North Sea temperature will be about 7 degrees Celsius during the New Year's Day dive, very average for the time of year, according to calculations by Rijkswaterstaat. The measurement point at Brouwersdam in Zeeland was examined. ""That is a stretch of sea that is not affected by river water. As a result, the temperature there is very average,"" said a spokesperson for Rijkswaterstaat.he sea water at Brouwersdam is currently 7.1 degrees. In 2021, the sea temperature on New Year's Day was about the same at 6.9 degrees. In recent years, the North Sea has had the same temperature around the turn of the new year, at around 6 to 7 degrees, according to Rijkswaterstaat.Traditionally, thousands of people take a dip in the cold water on New Year's Day at some 170 locations across the country. At the last organized New Year's dive on January 1, 2020, about 60,000 people jumped into the water.That includes 10,000 at the Scheveningen Pier. For the past two years, the New Year's dives have been cancelled due to the coronavirus measures. As an alternative, people were able to obtain cans of sea water, which they could dump over themselves in their backyards and on their balconies..The Netherlands Rescue Brigade warned participants that they have to be careful when they dive into the cold water. The rescuers advise people not to go into the water alone, to keep clothes and shoes on until shortly before the countdown, and to wear a hat. Drinking alcohol to warm up after the dive is of no use, according to the lifeguards.""On the contrary, a cold body in combination with alcohol consumption can cause hypothermia. Take a warm sweet drink, or soup.""",CultureLifestyleEntertainment
https://nltimes.nl/2022/12/31/bakers-dutch-eating-just-many-oliebollen-last-year,Bakers: Dutch eating just as many oliebollen as last year,31 December 2022 - 07:30,"Despite almost everything in the Netherlands becoming more expensive, Dutch people are buying just as many oliebollen as they did last year, says Arend Kisteman, chairman of the Dutch Bread and Confectioners Business Association (NBOV).‚ÄúWe are now selling quite a lot via webshops. But we have also not seen a decrease in the shops, despite the fact it is quite rainy and cold‚Äù, said Kisteman. He has a bakery in the center of Zwolle and expects to sell around 80,000 oliebollen for New Year‚Äôs.According to the NBOV chairman, oliebollen have become at least 10 cents more expensive than last year. At his business in Zwolle, an oliebol costs 1.15 euros; in the Randstad, that is around 1.30 or 1.40 euros. ‚ÄúBut people are now used to the quality of a baker or a stall. Then they aren‚Äôt all of a sudden now going to buy your oliebollen for 40 cents from the supermarket‚Äù, said Kisteman. Also, other products like apple beignets are doing well. ‚ÄúIf you sell ten products, it is usually seven oliebollen with filling, two without, and a beignet. Also, in that way, there has been no change.‚ÄùThe baker is also seeing big orders of 40 to 50 oliebollen this year. That is because larger groups are allowed to gather for New Year‚Äôs this year. That was not possible last year due to the coronavirus lockdown. ",CultureFood
https://nltimes.nl/2022/12/30/6-best-kept-secrets-dutch-health-insurance,These are the 6 best kept secrets of Dutch health insurance,30 December 2022 - 19:33,"You only have a few days to obtain a new health insurance plan for 2023. What is important to you, the lowest possible price, the most extensive coverage or the best policy conditions?Either way, before you decide, we would like to share with you the six best kept secrets of Dutch health insurance.Let‚Äôs dive right in. There is a cheaper alternative within every big insurance company. So, if you currently have the basic insurance package from Zilveren Kruis, CZ, VGZ or Menzis, there are loads of opportunities to save some money in 2023. Four examples:Insurance companies pull out all the stops to distinguish themselves from the competition. A low price and good coverage alone is no longer enough. That‚Äôs why several insurance companies offer lots of free extras with their basic plan. Popular examples include:But how do you know which plans have the best extras for your situation?Zorgwijzer‚Äôs English comparison tool gives you a solid overview of all the plusses and minuses per health insurance plan. Check it out for yourselfIn some cases, it is much cheaper to simply go with a basic insurance plan and ignore the supplemental insurance plans. Just pay for certain treatments yourself. This could be the case for reimbursements like: You can check for yourself if certain supplemental insurances are worthwhile or not. Just follow these steps when choosing a supplemental plan:Health insurance companies have a duty of acceptance for their basic health insurance plans. This means the insurer is not allowed to refuse your insurance request, based on your age, background, healthcare situation or gender. So if even if you need a great deal of healthcare or expensive medication, you will always be accepted, even if it is the cheapest or most extensive basic plan. For the most part, the same situation applies for supplemental insurance plans. Some exceptions apply:For these coverages, a waiting time of one year or medical selection might be demanded, which may lead to non-acceptance. Many people do not know that it is possible to choose a new insurance plan next January. So, in fact you have a whole month extra to compare a health insurance (in Dutch, this is called: zorgverzekering vergelijken). The only important thing to make use of this is to make sure that your current insurance plan is cancelled before the end of the year. Are you going to change your health insurance for 2023? Then you always have a 14-day reflection period in which you can cancel your decision for free and at no cost. Just be aware that this only applies for people that use the internet or phone to close their insurance plan.Still don‚Äôt know what to choose? Here‚Äôs a tool that will help you find the best and cheapest health insurance in 2023.",HealthSponsored Content
https://nltimes.nl/2022/12/30/traditional-hague-bonfires-lit-tonight-new-years-wind,"Traditional Hague bonfires to be lit tonight, not New Year's, because of wind",30 December 2022 - 17:19,"The bonfires on the beaches of Scheveningen and Duindorp in The Hague will be lit a day earlier than planned. The wind is expected to be blowing too hard on New Year's Eve, and thus the wood pallets will go up in flames starting at 11 p.m. on Friday evening.The municipality of The Hague has announced that wind force 6 or 7 is expected on the beach on New Year's Eve. That is equivalent to wind speeds of about 40 to 60 kilometers per hour. ""That poses too great a risk for local residents, spectators and buildings."" The mayor of The Hague, Jan van Zanen, called it a downer that the bonfires cannot be lit at the turn of the year itself. ""But we have agreed that the fire will only be lit if it is safe to do so. Safety comes first.""Due to the bad weather forecast, the fireworks show and the New Year's party around the Hofvijver will not take place on Saturday evening. The smaller bonfires in the Laak and Escamp districts cannot be lit either. Construction of those was set to begin on Saturday.Wooden pallets have been piled up on the beaches of Scheveningen and Duindorp in recent days. These stacks may be a maximum of 10 meters high, 10 meters long and 10 meters wide.The bonfires were a tradition in Scheveningen and Duindorp for many years. Young people from the neighborhoods worked for days to build the highest pile of wood. The situation went awry during the turn of the year from 2018 to 2019. The strong wind then blew smoldering wood across Scheveningen. The shower of burning embers caused more than a million euros in damage there.It then turned out that the two piles of wood on the beach were much higher than had been agreed with the municipality. The towers were allowed to be 35 meters high, but the Duindorp stack was almost 49 meters high and the one in Scheveningen was over 45 meters. The municipality did not do enough to enforce the rules. The investigation led to the resignation of Mayor Pauline Krikke.Due to the shower of embers, the bonfires were not allowed on the following New Year's Eve. After that, the bonfires were not allowed to be built up due to restrictions related to the coronavirus. This year, Scheveningen and Duindorp received permission to build up the piles of wood for the first time in four years.",1-1-2CultureEntertainment
https://nltimes.nl/2022/12/30/clarence-seedorf-praises-pele-social-impact-knvb-mourns-football-icon,"Clarence Seedorf praises Pel√© for his social impact, KNVB mourns ""football icon""",30 December 2022 - 14:45,"Former Dutch football star Clarence Seedorf has highlighted the social impact of the late Brazilian football icon Pel√© in a post on Instagram. A person of color who grew up in poverty, Pel√© developed into a world star. The Dutch football association KNVB also commemorated the death of the Brazilian football great Pel√© on Thursday. ""A football icon"", is how the KNVB described Pel√©, who died at the age of 82. ""Rest in Peace, Pel√©.""A football icon.Rest in peace, Pel√©. ü§ç pic.twitter.com/hFbQ3rjtaJ""Gratitude for your legacy,"" Seedorf wrote. He himself ended his own football career in Brazil at the beginning of 2014 with Rio de Janeiro's Botafogo club. Pel√© played almost his entire career for Santos in S√£o Paulo.Pel√© influence ""can‚Äôt be measured simply by his 3 World Cup victories. ""The love of the people on the world for the game, the globalisation of the game and your social impact globally, the racial awareness that opened the doors for black players and of course your magic with the ball and so much more,"" Seedorf continued. ""It has been a long and amazing journey. You have taught us so many lessons.""Pel√© not only gave Brazil its first world title in 1958, followed by two more World Cups in 1962 and 1970, but also became a figurehead for the Black population with a similar background in the South American country. Nicknamed ""O Rei,"" which translates as The King, he was criticized for rarely using his status to draw attention to racism or political issues.After his career as a football ambassador, Pel√© devoted himself to social projects by the United Nations and Unicef, among others. Last summer, he called on Russian President Vladimir Putin in an open letter to end the war in Ukraine.Sad day for the world of football. Rest in peace, Pel√© ü§ç pic.twitter.com/uVe6frAHO1""Until your last moment it was all positivity and love towards the people you connected with and the whole world,"" said 46-year-old Seedorf, who won the Champions League a total of four times with Ajax, Real Madrid and AC Milan. ""You shall always be remembered as the king of football and most importantly you will be remembered for the great human being you have been during your time on this earth.""Aside from the KNVB's message, other Dutch football organizations made their feelings known.Ajax published a photo on Twitter of Pel√© in an embrace with Johan Cruijff, who died in 2016. ""A sad day for football. Rest in peace, Pel√©,"" said the Amsterdam club.PSV shared a message from Pel√©'s account announcing his death with two emoji, the Brazilian flag, and two hands folded together in prayer. PSV then also posted a photo from 1963, when Pel√© played football against PSV in Eindhoven. That was a day after the friendly match between the Netherlands and Brazil in Amsterdam.A post shared by Clarence Seedorf (@clarenceseedorf)",Sports
